size_bytes,metadata_score,duplicate_count,access_risk_score,access_count,ext,mime_detected,survivability_score
267457,43,0,27,4,tiff,image/tiff,96.0710767036819
141738,48,1,34,1,tiff,image/tiff,100.0
311043,74,0,59,2,png,image/png,95.68256120250781
746409,60,2,44,4,tiff,image/tiff,100.0
128778,66,0,45,5,tiff,image/tiff,98.50041457068069
128780,5,1,71,8,doc,application/msword,88.63689287570986
789545,8,0,54,7,doc,application/msword,89.26005305764703
350611,5,3,85,7,jpg,image/jpeg,88.91344230888323
101775,72,2,84,2,doc,application/msword,99.663136940897
280004,94,0,25,6,pdf,application/pdf,100.0
102393,31,1,84,8,mp4,video/mp4,84.78908775118998
102157,40,1,24,6,mp4,video/mp4,100.0
207308,75,3,64,4,png,image/png,100.0
24021,7,0,5,4,doc,application/msword,100.0
29000,71,2,22,4,jpg,image/jpeg,100.0
92754,49,5,63,1,tiff,image/tiff,100.0
59110,91,2,86,6,jpg,image/jpeg,99.69322591464513
222848,61,3,42,8,jpg,image/jpeg,100.0
65642,83,2,22,7,txt,text/plain,100.0
39644,61,1,95,7,tiff,image/tiff,87.9078403946682
704785,6,1,29,6,pdf,application/pdf,94.1286201435529
129861,74,1,76,6,doc,application/msword,94.03484712270972
174124,83,3,17,4,tiff,image/tiff,100.0
39153,79,3,86,3,jpg,image/jpeg,100.0
94430,3,0,78,6,tiff,image/tiff,78.30115182306702
181847,5,1,96,3,pdf,application/pdf,71.77438783745649
51482,57,2,20,10,mp4,video/mp4,100.0
236972,21,0,56,5,png,image/png,86.9948994902986
89264,25,1,22,6,doc,application/msword,93.0050555319313
121577,2,0,90,6,doc,application/msword,72.71743542786916
89169,40,1,44,4,txt,text/plain,100.0
1037451,59,3,43,6,mp4,video/mp4,100.0
160572,13,2,81,5,doc,application/msword,89.82203439373326
56516,74,1,87,3,txt,text/plain,96.27256565386386
370476,81,2,46,2,txt,text/plain,100.0
48009,11,2,39,3,txt,text/plain,100.0
200558,86,1,50,2,doc,application/msword,100.0
22932,11,1,41,8,doc,application/msword,87.68070681276299
43123,12,4,6,7,doc,application/msword,100.0
198166,24,2,49,4,pdf,application/pdf,100.0
340600,44,1,47,3,txt,text/plain,100.0
193178,18,1,83,3,pdf,application/pdf,83.67574024754497
144980,54,2,90,6,png,image/png,92.80978784888967
120438,99,0,5,5,doc,application/msword,100.0
37103,44,2,90,1,tiff,image/tiff,87.15503401885415
79233,7,3,8,8,mp4,video/mp4,100.0
102678,92,1,56,9,jpg,image/jpeg,100.0
468420,52,3,30,4,png,image/png,100.0
229490,54,2,20,7,tiff,image/tiff,100.0
27916,31,1,89,3,jpg,image/jpeg,84.41809757048964
225051,50,0,39,7,jpg,image/jpeg,96.16128187288582
110737,43,3,44,5,doc,application/msword,100.0
82708,81,1,76,6,mp4,video/mp4,94.98957952538612
300041,69,3,48,8,jpg,image/jpeg,100.0
456342,17,2,86,2,txt,text/plain,90.38716295694016
413031,82,2,19,4,tiff,image/tiff,100.0
70317,21,0,100,9,jpg,image/jpeg,78.51114966741646
119466,36,1,91,4,png,image/png,82.93217983618226
226672,95,2,16,4,mp4,video/mp4,100.0
431725,55,3,27,3,mp4,video/mp4,100.0
100793,58,1,40,4,jpg,image/jpeg,100.0
135177,2,2,65,4,mp4,video/mp4,81.67171025869506
53834,27,1,24,6,png,image/png,100.0
49207,73,0,57,7,tiff,image/tiff,100.0
366783,34,1,40,3,png,image/png,97.89270684604756
631744,60,0,5,6,png,image/png,100.0
151446,92,0,74,8,txt,text/plain,93.09311197388773
443979,53,2,37,7,doc,application/msword,100.0
233663,62,1,5,3,jpg,image/jpeg,100.0
85381,78,0,44,4,tiff,image/tiff,100.0
233607,96,2,74,6,mp4,video/mp4,100.0
757695,6,1,13,8,png,image/png,100.0
157027,75,1,65,3,jpg,image/jpeg,100.0
778125,48,1,39,4,tiff,image/tiff,95.0901249381516
11852,93,2,2,3,tiff,image/tiff,100.0
370238,84,2,98,8,jpg,image/jpeg,97.51517159868366
177557,30,3,96,1,doc,application/msword,87.78035838499542
120691,57,0,23,3,txt,text/plain,100.0
178395,60,3,18,7,mp4,video/mp4,100.0
22301,23,0,17,5,txt,text/plain,100.0
130656,19,4,63,9,tiff,image/tiff,100.0
232608,36,0,87,5,mp4,video/mp4,83.25862372423414
713468,3,1,34,4,tiff,image/tiff,94.91274721522011
96928,91,0,61,5,png,image/png,100.0
72511,19,1,0,7,png,image/png,100.0
98542,59,2,99,3,jpg,image/jpeg,82.06965900762103
406525,23,2,24,6,mp4,video/mp4,100.0
226104,49,4,44,7,mp4,video/mp4,100.0
95821,48,1,48,4,tiff,image/tiff,95.69656557514742
271921,50,2,97,4,txt,text/plain,89.03438557115345
179346,95,0,88,4,png,image/png,95.19589579705747
428756,35,0,15,3,pdf,application/pdf,100.0
80655,97,3,97,4,jpg,image/jpeg,100.0
117282,99,0,92,2,mp4,video/mp4,93.77083769000801
109962,65,2,18,7,doc,application/msword,100.0
37664,78,3,22,6,doc,application/msword,100.0
218845,33,0,82,7,pdf,application/pdf,75.69446950629302
211304,35,1,24,5,png,image/png,100.0
163589,5,1,15,4,png,image/png,98.06407558673565
128722,38,1,53,5,png,image/png,96.11616184562756
39522,41,2,72,4,txt,text/plain,91.46980818557304
106868,57,0,0,7,tiff,image/tiff,100.0
115529,11,2,41,5,doc,application/msword,96.49562536743245
72964,2,1,18,6,png,image/png,98.48115489313425
138512,17,3,96,5,doc,application/msword,89.74903948513118
243787,39,1,33,2,pdf,application/pdf,100.0
1073232,20,0,79,4,jpg,image/jpeg,89.29346418477432
193799,14,3,54,4,tiff,image/tiff,100.0
210565,96,0,17,6,txt,text/plain,100.0
151078,98,1,33,11,mp4,video/mp4,100.0
23890,25,1,88,6,pdf,application/pdf,81.08306774773848
158496,7,0,44,8,tiff,image/tiff,90.45154563862805
172858,99,2,5,5,doc,application/msword,100.0
1911200,93,0,20,3,pdf,application/pdf,100.0
134274,86,1,69,5,mp4,video/mp4,98.44031795618312
220036,41,1,95,1,tiff,image/tiff,79.76283130624127
157202,43,6,47,8,txt,text/plain,100.0
50580,13,2,38,6,jpg,image/jpeg,95.00917733233631
510335,77,2,30,4,mp4,video/mp4,100.0
345218,1,0,9,7,tiff,image/tiff,100.0
358983,36,0,29,1,txt,text/plain,100.0
65552,68,1,17,7,doc,application/msword,100.0
661850,37,1,59,3,mp4,video/mp4,89.79029026742538
40060,40,1,87,9,pdf,application/pdf,81.4438877619581
292686,61,1,72,4,png,image/png,86.74488428559005
1454911,59,1,94,2,pdf,application/pdf,85.78401421058139
60443,13,3,14,4,doc,application/msword,100.0
92383,88,4,3,6,tiff,image/tiff,100.0
179809,83,1,62,2,jpg,image/jpeg,100.0
98373,1,3,39,1,mp4,video/mp4,100.0
34521,69,0,8,7,tiff,image/tiff,100.0
174305,16,2,8,7,jpg,image/jpeg,100.0
56257,88,0,25,6,doc,application/msword,100.0
261343,27,1,3,8,mp4,video/mp4,100.0
64898,65,1,80,7,txt,text/plain,100.0
766764,34,1,15,5,txt,text/plain,100.0
74365,100,2,14,6,tiff,image/tiff,100.0
117940,4,1,98,6,pdf,application/pdf,71.87751590005197
367146,64,0,51,7,tiff,image/tiff,95.7322833330461
47530,39,3,68,6,pdf,application/pdf,94.9059861529104
204323,75,1,4,3,doc,application/msword,100.0
601476,55,1,19,3,txt,text/plain,100.0
32614,35,2,78,1,mp4,video/mp4,92.23708308441508
195757,44,2,17,5,txt,text/plain,100.0
211056,22,2,1,3,pdf,application/pdf,100.0
355692,46,0,92,9,tiff,image/tiff,80.12238147778196
47242,30,2,12,8,doc,application/msword,100.0
43457,10,1,3,4,txt,text/plain,100.0
274290,9,2,41,2,doc,application/msword,93.69992559952856
219034,66,1,73,3,txt,text/plain,100.0
209084,13,3,60,2,tiff,image/tiff,100.0
230141,79,2,94,4,jpg,image/jpeg,100.0
82452,73,1,7,4,tiff,image/tiff,100.0
205305,92,0,66,5,txt,text/plain,100.0
218179,9,1,62,8,pdf,application/pdf,80.31697540757804
79670,75,2,8,6,tiff,image/tiff,100.0
1051548,93,3,93,3,mp4,video/mp4,100.0
261406,0,0,10,5,pdf,application/pdf,99.69427350456463
49448,4,1,98,6,pdf,application/pdf,76.07269730423914
313813,19,2,100,3,pdf,application/pdf,77.26378792040578
61409,7,3,41,8,doc,application/msword,100.0
357569,42,1,12,8,png,image/png,100.0
518448,75,1,35,5,png,image/png,100.0
71633,0,3,12,4,jpg,image/jpeg,100.0
426503,56,2,11,2,pdf,application/pdf,100.0
245924,63,2,36,6,png,image/png,100.0
370296,83,2,73,5,jpg,image/jpeg,98.18686316871306
1084677,27,3,72,6,doc,application/msword,91.81111956101401
127339,36,2,51,7,pdf,application/pdf,100.0
76593,46,3,70,3,mp4,video/mp4,100.0
66868,100,1,1,9,doc,application/msword,100.0
71983,75,0,55,2,jpg,image/jpeg,95.4327818261456
150677,36,0,59,0,doc,application/msword,100.0
228925,48,0,22,6,mp4,video/mp4,100.0
214634,43,3,39,4,doc,application/msword,100.0
372198,55,4,63,6,jpg,image/jpeg,100.0
164884,27,0,84,4,mp4,video/mp4,82.92375344285666
696298,78,3,22,5,mp4,video/mp4,100.0
124909,5,2,28,2,doc,application/msword,98.78275129549802
2471088,60,2,77,5,mp4,video/mp4,100.0
304268,19,0,89,4,tiff,image/tiff,80.16395681104812
69067,77,3,50,3,doc,application/msword,100.0
55776,1,1,68,5,pdf,application/pdf,80.19133189614139
263674,72,2,94,3,mp4,video/mp4,89.99895378306528
130162,36,1,88,3,doc,application/msword,85.66224264880921
332368,19,1,30,4,pdf,application/pdf,97.13242989739786
261251,25,1,49,8,mp4,video/mp4,98.76320471293855
151322,28,1,19,5,pdf,application/pdf,100.0
69787,0,1,54,4,txt,text/plain,89.32751634059672
35780,34,3,80,4,mp4,video/mp4,100.0
104139,69,1,1,4,txt,text/plain,100.0
383233,100,2,24,4,jpg,image/jpeg,100.0
201610,58,0,12,7,jpg,image/jpeg,100.0
46829,68,3,91,8,doc,application/msword,100.0
193528,32,1,69,7,png,image/png,95.69462530320924
239262,50,0,66,3,txt,text/plain,91.47475422219577
67248,77,1,57,6,txt,text/plain,100.0
189799,11,2,98,6,jpg,image/jpeg,87.93085652973826
172509,19,0,81,4,txt,text/plain,81.60377922873967
51897,52,0,74,6,png,image/png,96.2283686279333
232765,87,2,83,9,pdf,application/pdf,100.0
285153,42,1,63,6,pdf,application/pdf,89.6133564311514
480725,97,1,68,4,png,image/png,100.0
466868,88,2,82,6,txt,text/plain,100.0
41041,49,1,85,7,txt,text/plain,91.1271206350038
63714,28,2,58,4,txt,text/plain,99.32858344684482
272402,56,1,59,3,tiff,image/tiff,98.87814664993932
272062,38,0,82,4,doc,application/msword,82.350900139114
272405,94,4,61,5,mp4,video/mp4,100.0
7669266,55,0,15,3,png,image/png,100.0
288050,42,1,87,5,png,image/png,93.16066161115239
506644,49,2,67,3,tiff,image/tiff,100.0
422524,22,0,14,5,png,image/png,100.0
312197,43,2,88,5,png,image/png,87.26147588982761
118744,37,2,54,5,tiff,image/tiff,100.0
347656,83,2,34,6,png,image/png,100.0
75144,22,1,54,6,txt,text/plain,90.67088244823161
128435,44,2,13,6,tiff,image/tiff,100.0
100171,51,2,48,5,doc,application/msword,100.0
176640,79,1,82,7,jpg,image/jpeg,94.32326102501725
1647317,49,3,99,3,txt,text/plain,97.90898699240311
25153,7,2,6,5,txt,text/plain,100.0
323275,84,1,29,7,mp4,video/mp4,100.0
32444,0,2,82,2,tiff,image/tiff,80.70168336722278
101525,7,2,48,8,jpg,image/jpeg,86.81414156002442
483569,28,3,88,4,png,image/png,94.34880301091387
173560,95,2,15,2,jpg,image/jpeg,100.0
55395,4,2,50,5,doc,application/msword,95.16010125583693
79594,85,3,71,5,pdf,application/pdf,100.0
321128,46,3,81,4,txt,text/plain,100.0
78404,33,3,91,6,tiff,image/tiff,100.0
202088,64,1,79,8,tiff,image/tiff,91.04929581225552
170343,54,0,82,4,jpg,image/jpeg,90.2714552908218
84829,89,1,41,3,mp4,video/mp4,100.0
1388790,42,1,16,6,doc,application/msword,95.69607182212299
306790,73,1,62,4,pdf,application/pdf,97.03402798732064
21479,29,1,44,2,doc,application/msword,91.26509717859618
196114,81,3,76,3,tiff,image/tiff,100.0
83969,16,3,6,1,png,image/png,100.0
381716,25,2,26,9,pdf,application/pdf,100.0
73679,7,3,9,5,tiff,image/tiff,100.0
145112,46,1,33,3,mp4,video/mp4,100.0
269678,75,0,35,4,pdf,application/pdf,100.0
386835,90,0,24,3,tiff,image/tiff,100.0
49006,71,1,5,4,mp4,video/mp4,100.0
116482,88,0,23,6,png,image/png,100.0
101220,45,0,17,4,mp4,video/mp4,100.0
84683,67,5,86,2,doc,application/msword,100.0
951175,32,2,5,6,jpg,image/jpeg,100.0
244014,0,1,28,3,doc,application/msword,91.20609210294745
46125,18,1,24,6,tiff,image/tiff,100.0
407526,30,3,54,2,tiff,image/tiff,100.0
1358859,79,0,80,8,txt,text/plain,87.97639514616047
457012,13,2,45,3,doc,application/msword,98.3781014629805
35618,52,1,23,6,pdf,application/pdf,100.0
100284,47,1,74,4,png,image/png,92.22909335584755
577758,68,2,25,5,txt,text/plain,100.0
80204,89,2,97,6,txt,text/plain,96.4370994812662
253677,61,0,27,1,txt,text/plain,100.0
353145,91,1,2,5,tiff,image/tiff,100.0
64412,65,3,74,7,jpg,image/jpeg,100.0
153349,63,0,37,6,mp4,video/mp4,93.25401736908323
6366,69,0,60,6,pdf,application/pdf,100.0
58431,62,2,77,7,tiff,image/tiff,100.0
126428,72,4,50,4,png,image/png,100.0
46733,32,2,89,3,tiff,image/tiff,94.28955443125876
832685,40,1,47,8,jpg,image/jpeg,99.375150184554
38943,88,1,20,4,tiff,image/tiff,100.0
104815,47,0,53,5,tiff,image/tiff,91.42764030071827
185487,12,3,55,5,doc,application/msword,100.0
687813,72,3,93,3,png,image/png,100.0
38721,76,1,58,9,txt,text/plain,96.36519172782053
520822,30,0,71,8,png,image/png,90.28192483965273
164428,74,4,50,6,png,image/png,100.0
60991,67,1,19,3,doc,application/msword,100.0
258358,97,1,95,5,mp4,video/mp4,93.93666269678383
198602,3,2,85,5,tiff,image/tiff,83.50318190535879
89302,18,5,58,5,pdf,application/pdf,100.0
174521,69,3,70,3,txt,text/plain,100.0
110711,97,0,8,7,mp4,video/mp4,100.0
182319,81,4,0,3,jpg,image/jpeg,100.0
315568,12,1,28,0,tiff,image/tiff,100.0
794935,22,0,62,6,txt,text/plain,85.2903092671837
47201,82,1,71,6,pdf,application/pdf,100.0
1373720,74,2,55,4,tiff,image/tiff,100.0
23107,0,3,67,5,jpg,image/jpeg,99.36256554118098
139834,87,1,34,9,doc,application/msword,100.0
293114,53,2,2,5,mp4,video/mp4,100.0
215559,70,2,6,4,tiff,image/tiff,100.0
87317,88,1,26,3,txt,text/plain,100.0
132174,84,2,0,6,png,image/png,100.0
99409,14,3,90,2,pdf,application/pdf,86.53942723745901
90276,64,2,79,6,tiff,image/tiff,91.47218977067024
380637,75,2,70,6,txt,text/plain,100.0
232586,70,2,43,6,png,image/png,100.0
81396,14,2,86,5,txt,text/plain,84.18065388463141
400152,20,0,40,3,tiff,image/tiff,94.04441893901418
221305,18,0,74,4,jpg,image/jpeg,80.76776995265031
366906,59,4,41,4,png,image/png,100.0
305476,92,1,32,5,png,image/png,100.0
71040,88,4,49,4,txt,text/plain,100.0
92950,32,2,62,4,doc,application/msword,96.9672663277553
343620,48,1,99,5,tiff,image/tiff,85.9555797942809
299649,95,1,36,5,doc,application/msword,100.0
159388,34,2,58,5,mp4,video/mp4,99.03141414930757
183015,43,1,80,7,jpg,image/jpeg,93.665660899291
584005,89,0,98,3,doc,application/msword,87.81091867462115
90077,10,2,47,2,txt,text/plain,100.0
281277,98,1,4,4,tiff,image/tiff,100.0
132960,71,0,47,4,doc,application/msword,98.63342502745999
130916,77,1,95,6,mp4,video/mp4,90.1734946959833
488344,73,2,2,3,pdf,application/pdf,100.0
371541,65,2,46,5,mp4,video/mp4,100.0
367144,45,3,61,5,png,image/png,100.0
600476,8,3,98,5,tiff,image/tiff,85.6710171103506
166209,2,0,13,5,png,image/png,98.59051324078406
321886,84,0,62,3,doc,application/msword,97.54491212168791
119340,25,4,60,10,doc,application/msword,100.0
225069,71,0,30,5,mp4,video/mp4,100.0
142893,47,3,94,4,mp4,video/mp4,97.5977811862169
179332,65,2,16,4,txt,text/plain,100.0
295125,69,2,23,7,jpg,image/jpeg,100.0
71810,27,4,22,3,txt,text/plain,100.0
1319003,92,2,81,6,png,image/png,100.0
59514,25,1,49,2,txt,text/plain,95.52343881942828
48330,24,3,77,4,mp4,video/mp4,87.08413545059338
518197,11,2,78,4,tiff,image/tiff,94.98547263129478
359210,4,3,78,4,txt,text/plain,88.84305748658562
303798,97,1,69,8,pdf,application/pdf,100.0
305084,47,1,26,5,jpg,image/jpeg,100.0
160773,36,4,14,8,mp4,video/mp4,100.0
66353,78,3,49,5,tiff,image/tiff,100.0
175572,43,2,35,7,doc,application/msword,100.0
82688,99,3,7,8,txt,text/plain,100.0
431541,14,2,78,3,mp4,video/mp4,92.16081935194208
140497,42,1,2,4,doc,application/msword,100.0
71289,47,2,61,6,doc,application/msword,100.0
118020,86,2,46,4,png,image/png,100.0
245961,69,2,76,4,png,image/png,100.0
92621,45,0,97,6,tiff,image/tiff,78.42610056324821
71523,42,0,87,2,mp4,video/mp4,81.34354321103373
207666,20,0,95,4,tiff,image/tiff,71.59039833713123
207932,22,2,60,2,mp4,video/mp4,94.00700982162913
98032,79,4,31,8,pdf,application/pdf,100.0
101616,46,2,93,7,jpg,image/jpeg,97.53224412683136
205263,14,1,12,2,jpg,image/jpeg,97.64245850222774
38250,24,6,0,5,mp4,video/mp4,100.0
39836,35,1,33,6,png,image/png,100.0
79344,74,1,61,7,txt,text/plain,100.0
131472,50,1,78,7,tiff,image/tiff,92.16880764219967
222105,14,2,77,7,pdf,application/pdf,84.91653120962859
711660,67,1,92,6,jpg,image/jpeg,90.2412097632002
383716,20,1,97,5,mp4,video/mp4,83.12349264990407
138699,12,1,81,5,png,image/png,83.7736496925007
159689,85,4,70,8,png,image/png,100.0
59722,18,1,92,7,png,image/png,88.17643067945683
159769,33,0,30,4,tiff,image/tiff,100.0
121946,77,0,63,5,txt,text/plain,97.74220764265428
224744,67,1,24,8,doc,application/msword,100.0
71165,51,3,37,5,tiff,image/tiff,100.0
273579,26,5,13,2,txt,text/plain,100.0
753691,28,2,7,3,png,image/png,100.0
145982,27,1,90,7,mp4,video/mp4,78.20365706766417
243217,34,1,53,3,pdf,application/pdf,94.70773719401618
324533,7,2,1,8,txt,text/plain,100.0
108964,15,1,80,1,mp4,video/mp4,86.5790513282183
203636,35,1,100,5,tiff,image/tiff,81.22353702974303
164817,29,3,77,3,tiff,image/tiff,99.09020321447903
179454,17,4,88,5,png,image/png,95.16105275460467
75131,1,1,55,5,pdf,application/pdf,89.16006614776738
166793,48,1,93,2,jpg,image/jpeg,89.05486405375852
267800,76,2,92,7,jpg,image/jpeg,100.0
694636,3,2,83,2,tiff,image/tiff,83.22678595949392
424756,89,1,84,4,mp4,video/mp4,98.52090995754465
1401680,88,2,60,5,pdf,application/pdf,100.0
75557,93,2,21,4,mp4,video/mp4,100.0
389383,74,0,34,4,pdf,application/pdf,100.0
195505,6,2,100,5,pdf,application/pdf,87.34515376295974
1453962,94,2,15,4,tiff,image/tiff,100.0
72526,73,0,49,4,mp4,video/mp4,100.0
70282,38,2,42,5,tiff,image/tiff,100.0
89375,12,0,16,7,pdf,application/pdf,95.96325984040945
19459,30,0,79,6,txt,text/plain,84.35250748411052
96205,70,2,57,6,png,image/png,100.0
76180,62,0,1,8,pdf,application/pdf,100.0
189168,55,2,3,5,txt,text/plain,100.0
229063,41,2,84,2,pdf,application/pdf,94.96083381183054
1062537,60,2,38,4,txt,text/plain,100.0
421015,41,1,97,6,mp4,video/mp4,79.3643431409796
91408,55,2,93,3,jpg,image/jpeg,100.0
66276,35,0,5,3,doc,application/msword,100.0
266177,83,2,80,5,pdf,application/pdf,100.0
43467,67,1,88,5,doc,application/msword,94.50852324945339
1016076,6,1,68,6,pdf,application/pdf,89.13161961004143
529368,53,1,68,2,mp4,video/mp4,92.18024291879364
101806,0,1,19,6,mp4,video/mp4,90.9807489059498
29344,43,1,63,4,txt,text/plain,94.792992510454
630250,44,2,15,3,pdf,application/pdf,100.0
145140,46,3,50,4,mp4,video/mp4,100.0
561190,12,2,36,2,mp4,video/mp4,100.0
33043,21,0,72,6,pdf,application/pdf,82.6423528090678
89377,20,0,68,8,txt,text/plain,79.95463669028774
163610,85,1,41,5,txt,text/plain,100.0
170583,91,0,56,6,txt,text/plain,100.0
103770,8,2,65,5,txt,text/plain,88.76826030432049
303412,25,0,8,5,jpg,image/jpeg,100.0
55959,8,0,99,6,pdf,application/pdf,83.41621981615177
141155,14,0,85,4,tiff,image/tiff,72.04984752263177
183559,9,1,63,4,jpg,image/jpeg,87.18153016811704
272239,87,0,85,5,mp4,video/mp4,93.83504900449496
331576,41,3,21,5,jpg,image/jpeg,100.0
52857,71,1,33,4,tiff,image/tiff,100.0
35097,23,1,54,4,tiff,image/tiff,88.90207755702625
584012,79,1,28,7,tiff,image/tiff,100.0
226911,48,1,37,5,txt,text/plain,100.0
76996,25,3,96,4,mp4,video/mp4,87.86084360883034
767698,90,2,17,3,jpg,image/jpeg,100.0
182713,36,2,70,9,jpg,image/jpeg,97.80483664347578
529292,67,1,64,6,pdf,application/pdf,100.0
174123,49,0,96,6,jpg,image/jpeg,86.65510236056417
1277924,23,3,0,4,mp4,video/mp4,100.0
941604,18,4,87,7,txt,text/plain,99.09466052980133
126884,99,2,3,6,pdf,application/pdf,100.0
430013,59,4,3,6,jpg,image/jpeg,100.0
310325,38,1,81,2,pdf,application/pdf,87.4019766381816
639621,73,0,26,6,doc,application/msword,100.0
62011,88,0,42,4,pdf,application/pdf,100.0
323208,17,1,58,7,tiff,image/tiff,83.52773006688015
469031,18,2,31,8,txt,text/plain,99.0250476611944
28036,35,2,32,6,tiff,image/tiff,100.0
49848,73,1,27,3,doc,application/msword,100.0
21179,96,2,54,4,tiff,image/tiff,100.0
124317,54,0,99,5,doc,application/msword,80.43084709839938
333548,68,3,59,3,pdf,application/pdf,100.0
731137,46,0,69,5,mp4,video/mp4,86.88745250733098
175272,48,4,61,8,txt,text/plain,100.0
829530,98,2,79,8,mp4,video/mp4,100.0
40941,97,2,33,5,txt,text/plain,100.0
29632,32,3,86,5,txt,text/plain,92.38732557822499
153960,20,1,87,8,tiff,image/tiff,77.33979227919035
238963,80,1,55,5,tiff,image/tiff,100.0
157519,21,3,12,4,mp4,video/mp4,100.0
20589,47,2,55,3,png,image/png,100.0
148877,36,1,17,7,doc,application/msword,100.0
44158,14,1,53,4,tiff,image/tiff,85.26756839682317
317957,34,2,76,4,tiff,image/tiff,87.22791717370548
234825,91,0,100,5,tiff,image/tiff,87.64142841909698
63584,70,3,42,3,pdf,application/pdf,100.0
97356,31,2,38,5,mp4,video/mp4,100.0
56431,10,2,60,4,mp4,video/mp4,100.0
152866,9,0,41,6,tiff,image/tiff,88.24878970907037
423006,72,0,80,5,pdf,application/pdf,87.89637358863894
60734,77,0,78,5,tiff,image/tiff,92.87171792440564
269425,76,2,17,2,doc,application/msword,100.0
95773,56,1,22,5,pdf,application/pdf,100.0
73653,24,2,53,3,tiff,image/tiff,98.31506674917509
146234,1,0,29,3,txt,text/plain,96.64642320117255
57800,63,3,97,5,png,image/png,100.0
93559,34,1,57,4,txt,text/plain,95.98814050061426
49124,6,3,67,3,png,image/png,100.0
1160922,84,3,66,4,pdf,application/pdf,100.0
168596,17,1,70,2,txt,text/plain,80.46941909470131
80843,66,4,17,6,doc,application/msword,100.0
201587,41,2,6,7,txt,text/plain,100.0
145462,38,2,39,3,mp4,video/mp4,100.0
130487,40,2,69,5,png,image/png,96.42620507570797
300789,74,1,85,4,png,image/png,91.98902104138085
347148,23,1,64,6,tiff,image/tiff,86.59854703047152
95750,59,0,67,6,doc,application/msword,86.15994038078148
91508,45,2,48,2,png,image/png,100.0
123617,18,0,51,2,png,image/png,86.49352519597711
16286,67,2,28,5,tiff,image/tiff,100.0
35768,89,2,20,2,doc,application/msword,100.0
638498,41,1,89,7,txt,text/plain,91.86135517837805
843206,31,2,77,4,pdf,application/pdf,96.23889113944826
126875,38,2,8,5,txt,text/plain,100.0
289687,35,2,46,7,mp4,video/mp4,100.0
222181,100,3,75,5,mp4,video/mp4,100.0
3537323,96,1,41,7,png,image/png,100.0
498607,35,3,50,1,mp4,video/mp4,92.53536339049226
143212,2,2,55,3,pdf,application/pdf,90.74835369124314
62596,72,0,50,4,png,image/png,100.0
32648,7,2,69,9,tiff,image/tiff,88.40717524721438
199478,96,2,19,4,mp4,video/mp4,100.0
76393,69,2,87,5,tiff,image/tiff,100.0
39251,40,0,26,6,jpg,image/jpeg,100.0
85257,67,0,37,6,jpg,image/jpeg,92.11600259586015
55185,12,1,71,3,jpg,image/jpeg,85.32574819674737
879528,48,0,64,3,tiff,image/tiff,91.04697044780715
393029,59,2,53,5,jpg,image/jpeg,100.0
161462,1,4,23,7,txt,text/plain,100.0
714933,59,3,46,6,jpg,image/jpeg,100.0
175846,4,3,70,6,png,image/png,94.4112945047121
68783,43,1,82,4,doc,application/msword,81.83120549328301
746479,26,2,85,7,txt,text/plain,88.57156141271231
278984,31,3,62,4,doc,application/msword,100.0
57685,20,1,56,8,png,image/png,91.79160036392753
134545,7,2,54,5,png,image/png,94.34973246314154
67804,71,2,59,5,pdf,application/pdf,100.0
40831,49,3,98,4,txt,text/plain,95.98883734486265
410929,66,1,61,5,doc,application/msword,100.0
1098456,43,1,29,2,jpg,image/jpeg,100.0
40192,57,2,92,3,png,image/png,100.0
285777,2,1,21,7,jpg,image/jpeg,100.0
84910,85,4,74,5,doc,application/msword,100.0
99994,69,1,83,6,tiff,image/tiff,98.4897429981217
90003,1,3,28,7,txt,text/plain,100.0
68597,86,2,40,2,mp4,video/mp4,100.0
170846,43,0,41,7,tiff,image/tiff,100.0
70901,1,1,97,5,tiff,image/tiff,73.8985079486971
213300,80,1,64,5,mp4,video/mp4,100.0
154780,34,2,30,7,png,image/png,100.0
128162,97,4,29,6,pdf,application/pdf,100.0
65672,86,2,17,5,jpg,image/jpeg,100.0
91420,29,1,16,0,png,image/png,100.0
346414,7,1,37,7,pdf,application/pdf,87.70414357744335
268583,21,4,13,5,jpg,image/jpeg,100.0
61233,43,2,86,5,doc,application/msword,99.14746511283315
179751,57,5,88,6,tiff,image/tiff,100.0
345030,35,3,78,8,tiff,image/tiff,95.70252145841191
30656,68,0,55,4,mp4,video/mp4,100.0
280228,76,5,21,6,pdf,application/pdf,100.0
83899,92,1,66,4,jpg,image/jpeg,100.0
287966,30,0,55,1,png,image/png,77.37367214004367
75867,46,1,18,3,jpg,image/jpeg,100.0
26772,54,2,56,4,png,image/png,100.0
31966,79,1,43,5,tiff,image/tiff,100.0
170772,61,2,97,4,mp4,video/mp4,97.11550012273959
211023,29,1,34,5,mp4,video/mp4,98.51775404046565
65886,54,0,0,2,jpg,image/jpeg,100.0
308227,15,1,51,2,jpg,image/jpeg,92.63759325029058
30899,11,4,84,5,png,image/png,96.1563099352459
152347,16,2,92,5,png,image/png,86.66816881834397
48483,15,1,69,5,pdf,application/pdf,87.39979421625918
84809,11,1,36,6,tiff,image/tiff,88.32886425454015
170654,7,3,64,4,pdf,application/pdf,96.36219216890366
68843,83,1,50,9,pdf,application/pdf,100.0
110795,2,2,0,7,jpg,image/jpeg,100.0
445206,15,3,90,2,txt,text/plain,86.94346934179858
91409,29,0,20,3,txt,text/plain,100.0
375379,22,0,52,4,txt,text/plain,91.81419998160804
52590,91,0,15,6,txt,text/plain,100.0
276455,4,2,60,7,pdf,application/pdf,84.37601057314376
688016,83,1,53,4,jpg,image/jpeg,100.0
13743,64,2,39,5,txt,text/plain,100.0
73357,29,0,25,5,mp4,video/mp4,99.69386690012341
289836,20,2,79,3,doc,application/msword,90.65165200444572
132847,83,1,91,3,mp4,video/mp4,85.54287550224186
235895,69,0,64,7,jpg,image/jpeg,98.82328317945036
88966,21,1,99,3,jpg,image/jpeg,87.08198021664188
177475,81,3,73,8,doc,application/msword,100.0
139291,71,2,63,8,png,image/png,100.0
523232,31,2,42,5,png,image/png,100.0
209907,32,0,16,5,png,image/png,96.13402338324981
228114,15,5,58,3,pdf,application/pdf,100.0
107809,75,1,22,3,png,image/png,100.0
99946,37,1,6,6,tiff,image/tiff,100.0
105602,97,3,43,5,pdf,application/pdf,100.0
241458,13,2,52,4,pdf,application/pdf,90.59765934489864
106832,35,2,70,6,png,image/png,98.2290138756235
217461,96,1,78,3,png,image/png,100.0
1296787,22,1,33,12,doc,application/msword,100.0
388918,65,5,45,1,txt,text/plain,100.0
117474,84,1,67,6,doc,application/msword,95.85754661809547
541021,1,0,77,1,pdf,application/pdf,76.54262990724978
108220,90,1,77,6,doc,application/msword,100.0
21202,72,3,15,1,pdf,application/pdf,100.0
59391,64,3,70,4,jpg,image/jpeg,100.0
25064,74,2,95,3,pdf,application/pdf,98.5777064713789
114517,66,1,18,3,pdf,application/pdf,100.0
165780,51,8,1,5,doc,application/msword,100.0
870164,61,0,9,5,txt,text/plain,100.0
225692,22,2,49,5,jpg,image/jpeg,97.84865862944572
130731,25,4,80,9,mp4,video/mp4,100.0
373026,67,0,100,3,mp4,video/mp4,81.53961870280077
17834,81,0,11,3,txt,text/plain,100.0
205996,54,1,69,6,mp4,video/mp4,98.18548979285497
351816,5,0,21,6,jpg,image/jpeg,89.5423544548192
37101,34,2,31,3,png,image/png,100.0
510810,21,0,83,7,jpg,image/jpeg,82.77207569466262
228318,42,1,0,4,doc,application/msword,100.0
107442,14,2,53,1,tiff,image/tiff,86.98002686660378
306441,85,1,57,7,pdf,application/pdf,100.0
1576460,59,3,69,7,pdf,application/pdf,100.0
195216,100,3,82,2,doc,application/msword,100.0
208609,11,2,17,5,doc,application/msword,100.0
102810,48,1,5,6,tiff,image/tiff,100.0
69574,41,2,44,9,tiff,image/tiff,100.0
373373,37,4,96,3,pdf,application/pdf,100.0
69141,81,1,22,4,tiff,image/tiff,100.0
174829,44,2,22,10,tiff,image/tiff,100.0
100946,34,2,25,4,tiff,image/tiff,100.0
262755,29,3,76,4,txt,text/plain,99.61003493378031
227217,87,0,6,4,png,image/png,100.0
459337,29,0,78,7,tiff,image/tiff,76.04469290518097
97731,77,3,43,8,png,image/png,100.0
124259,5,1,26,6,png,image/png,90.28399460071707
61159,66,0,25,6,doc,application/msword,99.46549385525641
104370,79,1,96,3,tiff,image/tiff,94.55162187437524
237352,6,5,78,5,pdf,application/pdf,100.0
346968,51,2,35,6,txt,text/plain,100.0
64720,13,1,54,2,pdf,application/pdf,100.0
388328,72,2,63,8,tiff,image/tiff,100.0
631364,14,1,90,5,pdf,application/pdf,84.22141966591118
246085,20,1,56,4,tiff,image/tiff,92.54067756100628
1063202,34,2,68,4,txt,text/plain,100.0
75072,65,3,60,2,jpg,image/jpeg,95.01176553626306
46879,90,1,1,5,txt,text/plain,100.0
27481,1,0,54,5,jpg,image/jpeg,87.5201198711574
726536,34,0,96,4,mp4,video/mp4,74.43547302286031
313127,81,4,79,2,jpg,image/jpeg,100.0
153954,77,0,86,4,png,image/png,89.49960403551657
215338,19,1,37,4,png,image/png,100.0
52812,81,3,79,1,txt,text/plain,100.0
1878063,9,2,77,8,png,image/png,89.96421155308178
185205,24,0,28,4,png,image/png,98.93009115006691
181569,65,1,25,10,mp4,video/mp4,100.0
336302,24,1,34,6,png,image/png,100.0
263289,53,3,78,3,doc,application/msword,100.0
203594,32,0,66,6,doc,application/msword,78.50047126747553
73830,35,0,86,4,doc,application/msword,82.02483595395843
260789,94,0,28,3,jpg,image/jpeg,100.0
1068775,13,0,33,2,txt,text/plain,96.58805468463153
624945,64,1,96,3,txt,text/plain,84.96033208815143
800655,79,0,40,5,pdf,application/pdf,91.68777170952826
97614,53,2,40,3,mp4,video/mp4,100.0
60499,51,2,22,4,doc,application/msword,100.0
143517,2,2,70,3,doc,application/msword,91.33314808050802
172081,98,2,2,6,png,image/png,100.0
486110,40,3,57,5,doc,application/msword,100.0
29957,5,2,31,5,png,image/png,100.0
751292,24,1,30,4,png,image/png,100.0
138967,12,0,81,4,pdf,application/pdf,72.56346758125495
106204,97,3,42,6,jpg,image/jpeg,100.0
59153,7,1,6,4,png,image/png,100.0
31105,20,1,0,6,png,image/png,100.0
370708,97,1,60,4,txt,text/plain,100.0
175135,67,2,13,5,pdf,application/pdf,100.0
44803,24,0,51,5,png,image/png,82.04355669549021
44574,78,0,95,4,mp4,video/mp4,90.40062025478468
116333,67,3,5,5,jpg,image/jpeg,100.0
863735,44,2,9,3,mp4,video/mp4,100.0
125543,59,3,70,4,doc,application/msword,100.0
36201,11,1,89,6,jpg,image/jpeg,83.86200080399007
127294,31,2,97,6,doc,application/msword,82.33762814922805
123905,95,5,29,1,txt,text/plain,100.0
10972,91,5,99,3,tiff,image/tiff,100.0
154153,12,0,20,4,tiff,image/tiff,94.05083741749101
129193,30,1,59,6,tiff,image/tiff,97.37757630264251
326506,77,2,80,4,png,image/png,100.0
1034011,19,3,96,3,pdf,application/pdf,87.9212412103492
502105,17,2,73,14,mp4,video/mp4,90.62322910984663
124381,92,3,62,5,doc,application/msword,100.0
53823,59,1,41,4,png,image/png,100.0
2133682,62,1,50,5,tiff,image/tiff,100.0
172683,5,1,63,5,mp4,video/mp4,85.49360335237958
165037,31,3,75,7,mp4,video/mp4,96.1848453689389
158875,92,1,55,7,txt,text/plain,100.0
198408,42,1,79,7,txt,text/plain,87.93935417963604
140876,1,1,40,2,tiff,image/tiff,90.59814189867495
91705,59,0,31,5,doc,application/msword,90.32168099214465
94196,22,1,14,3,tiff,image/tiff,100.0
157510,82,6,61,7,tiff,image/tiff,100.0
94520,30,4,26,2,png,image/png,100.0
79790,4,3,27,6,pdf,application/pdf,100.0
181032,82,3,80,4,tiff,image/tiff,100.0
126124,33,1,63,8,doc,application/msword,89.22426177774459
732334,9,3,58,5,mp4,video/mp4,96.14686814880712
11487,88,1,57,1,mp4,video/mp4,100.0
484807,1,5,1,2,jpg,image/jpeg,100.0
565850,10,1,35,3,tiff,image/tiff,100.0
20467,49,2,70,6,png,image/png,100.0
115533,30,3,12,8,jpg,image/jpeg,100.0
112258,55,0,14,4,txt,text/plain,100.0
39834,78,2,88,3,pdf,application/pdf,100.0
74770,72,4,86,6,doc,application/msword,100.0
53606,86,2,59,6,tiff,image/tiff,100.0
938718,82,0,21,8,mp4,video/mp4,100.0
414852,8,1,62,6,png,image/png,81.22397440127546
580447,98,1,89,6,mp4,video/mp4,94.29855732788614
334928,20,1,96,5,tiff,image/tiff,78.4493770764063
52625,72,3,74,4,txt,text/plain,100.0
96324,27,1,73,5,jpg,image/jpeg,89.15612751575125
265501,61,2,24,5,tiff,image/tiff,100.0
47947,6,2,100,6,jpg,image/jpeg,79.08413352537544
332035,79,2,47,11,doc,application/msword,100.0
127985,15,2,42,8,png,image/png,100.0
111879,96,0,37,7,txt,text/plain,100.0
331359,3,2,40,7,png,image/png,95.86575704504142
253790,3,5,44,4,doc,application/msword,100.0
113440,39,0,87,8,txt,text/plain,89.88052218763542
518829,16,1,39,6,txt,text/plain,98.03365225543466
55212,100,1,96,2,jpg,image/jpeg,98.28484145662522
301322,51,2,16,4,jpg,image/jpeg,100.0
294519,92,0,87,0,jpg,image/jpeg,86.28758150709355
119426,51,0,100,6,mp4,video/mp4,87.99638292008433
225512,35,2,56,0,pdf,application/pdf,98.18251033527885
46578,37,0,1,7,tiff,image/tiff,100.0
410046,49,1,95,9,jpg,image/jpeg,94.04216351713389
135279,62,4,61,7,pdf,application/pdf,100.0
96497,100,2,87,2,pdf,application/pdf,98.09260795632441
464635,62,2,8,4,png,image/png,100.0
80471,61,0,67,8,doc,application/msword,92.30792095349032
39796,98,3,80,5,mp4,video/mp4,100.0
34316,6,2,16,5,pdf,application/pdf,100.0
298346,26,1,49,6,tiff,image/tiff,96.47842726728459
45232,91,2,93,2,mp4,video/mp4,100.0
941090,85,3,39,4,png,image/png,100.0
20293,13,1,57,7,jpg,image/jpeg,89.70717304436894
887759,70,0,74,3,txt,text/plain,91.72329163269968
200991,100,0,84,6,pdf,application/pdf,94.20699835283223
147751,85,1,20,2,doc,application/msword,100.0
94379,4,3,17,8,txt,text/plain,100.0
242591,54,2,54,10,png,image/png,100.0
156743,1,1,28,5,mp4,video/mp4,94.77488580363848
490559,61,0,23,4,tiff,image/tiff,100.0
182449,90,0,73,4,jpg,image/jpeg,92.06342986074431
189151,20,1,16,8,mp4,video/mp4,100.0
113140,78,1,17,9,doc,application/msword,100.0
153745,20,5,41,7,pdf,application/pdf,100.0
221416,9,4,83,7,doc,application/msword,92.4645946136669
29431,86,2,100,3,mp4,video/mp4,100.0
42269,57,1,44,8,mp4,video/mp4,100.0
342238,38,0,81,7,txt,text/plain,83.1304024426058
193081,4,0,16,2,doc,application/msword,92.56013526496798
135403,64,0,72,5,doc,application/msword,87.34242943757381
165782,12,1,13,7,doc,application/msword,100.0
230402,84,2,48,6,jpg,image/jpeg,100.0
94867,89,3,28,1,tiff,image/tiff,100.0
74734,84,2,94,3,mp4,video/mp4,100.0
197964,52,0,3,4,png,image/png,100.0
61183,81,1,81,4,jpg,image/jpeg,100.0
244813,100,3,19,3,jpg,image/jpeg,100.0
29655,44,0,46,7,jpg,image/jpeg,91.7782410835794
455502,31,0,8,9,txt,text/plain,100.0
261084,35,3,76,4,tiff,image/tiff,100.0
210245,80,0,78,3,tiff,image/tiff,100.0
434821,98,0,26,4,png,image/png,100.0
860676,59,1,14,4,doc,application/msword,100.0
448816,10,3,91,6,txt,text/plain,91.55308614233074
25825,62,1,100,3,mp4,video/mp4,94.56689328349296
45271,20,1,18,10,pdf,application/pdf,100.0
87132,51,2,89,5,txt,text/plain,97.77541894331017
167057,54,1,51,5,pdf,application/pdf,95.07290772398567
273117,25,1,25,3,mp4,video/mp4,100.0
78767,67,2,88,2,png,image/png,100.0
196175,33,2,25,7,tiff,image/tiff,100.0
76467,51,1,25,5,pdf,application/pdf,100.0
88298,81,4,45,4,jpg,image/jpeg,100.0
39868,98,1,91,6,txt,text/plain,94.3398899843236
64651,92,0,48,5,pdf,application/pdf,100.0
42121,51,1,81,4,mp4,video/mp4,91.33517182004253
61336,28,0,95,7,tiff,image/tiff,78.65870404266286
466793,37,1,52,4,jpg,image/jpeg,92.16067286557458
62981,41,0,2,2,pdf,application/pdf,100.0
2263407,20,2,65,3,tiff,image/tiff,94.20666195252936
266550,41,2,96,8,mp4,video/mp4,78.58889170627987
195797,12,2,41,5,png,image/png,100.0
68984,63,1,18,6,mp4,video/mp4,100.0
327849,16,1,16,2,png,image/png,100.0
91524,8,0,32,3,tiff,image/tiff,89.5725184448586
183874,40,1,75,3,tiff,image/tiff,93.58125187765127
2105544,0,2,48,7,jpg,image/jpeg,91.7903708803328
147848,1,2,55,5,mp4,video/mp4,90.57592877884431
513637,59,2,62,2,doc,application/msword,100.0
80565,47,2,2,2,txt,text/plain,100.0
157158,28,1,48,7,doc,application/msword,90.16199867415851
956274,96,2,54,8,doc,application/msword,100.0
86945,9,4,25,4,doc,application/msword,100.0
996942,57,1,98,4,txt,text/plain,86.5370322268933
330298,59,0,71,4,doc,application/msword,99.43393693300976
92737,20,3,51,3,png,image/png,93.55109215394957
306326,27,2,99,4,mp4,video/mp4,77.3686959001518
430436,74,2,6,6,tiff,image/tiff,100.0
303097,33,1,45,5,jpg,image/jpeg,85.9573164207309
33852,7,1,45,5,doc,application/msword,82.9325324875744
78657,58,0,99,3,tiff,image/tiff,87.92578913147072
127068,85,2,15,6,doc,application/msword,100.0
151080,71,2,23,4,jpg,image/jpeg,100.0
302752,48,2,60,2,jpg,image/jpeg,96.52615110973215
194405,78,2,53,5,doc,application/msword,100.0
42815,16,1,61,7,png,image/png,92.95315363089293
238040,59,0,0,8,tiff,image/tiff,100.0
299714,86,1,48,0,jpg,image/jpeg,100.0
284870,87,1,24,5,mp4,video/mp4,100.0
479635,44,2,9,4,tiff,image/tiff,100.0
374715,82,1,79,6,mp4,video/mp4,100.0
257604,68,0,15,4,tiff,image/tiff,100.0
151726,31,1,57,7,png,image/png,91.28765791844933
30916,43,1,71,2,txt,text/plain,87.44113676960329
250100,64,4,28,3,pdf,application/pdf,100.0
200323,86,1,91,3,png,image/png,88.68128557317094
213539,100,1,5,5,doc,application/msword,100.0
45399,7,0,15,6,pdf,application/pdf,100.0
55212,76,0,19,9,doc,application/msword,100.0
466565,71,3,79,6,mp4,video/mp4,100.0
156442,86,1,70,7,jpg,image/jpeg,100.0
321740,42,0,77,2,tiff,image/tiff,86.93867634414211
167429,0,1,42,2,doc,application/msword,96.00968870238341
167670,50,0,25,8,mp4,video/mp4,98.39771011015277
415934,23,1,89,8,png,image/png,81.49596753080411
97144,98,0,77,8,doc,application/msword,100.0
179175,23,0,70,7,mp4,video/mp4,81.05363691355778
102510,16,0,32,6,jpg,image/jpeg,100.0
105398,4,0,25,2,tiff,image/tiff,98.96282051037416
119470,19,1,44,7,doc,application/msword,99.70811980523177
203238,20,1,83,6,txt,text/plain,78.53652555170179
100836,57,4,62,5,mp4,video/mp4,100.0
571349,30,2,66,6,doc,application/msword,99.72104419422064
66528,99,0,51,4,jpg,image/jpeg,99.77125962748985
135013,10,2,67,4,tiff,image/tiff,91.14961376391702
104848,51,2,25,4,doc,application/msword,100.0
691748,14,0,74,5,doc,application/msword,78.00913886038852
198105,82,0,1,4,tiff,image/tiff,100.0
456728,6,2,13,7,txt,text/plain,98.64612770605909
36843,27,1,29,2,mp4,video/mp4,99.86682901142845
212575,50,2,48,4,pdf,application/pdf,100.0
396182,57,1,11,1,tiff,image/tiff,100.0
176713,4,0,89,6,doc,application/msword,74.48936053233852
472352,4,3,43,1,pdf,application/pdf,100.0
97023,93,1,32,6,png,image/png,100.0
666201,95,0,12,6,doc,application/msword,100.0
1621558,7,2,77,0,pdf,application/pdf,96.51136140582949
113228,63,0,87,6,png,image/png,91.82168971820852
104244,9,1,97,1,txt,text/plain,74.27031798774642
696194,37,2,25,4,mp4,video/mp4,100.0
789829,95,0,20,6,doc,application/msword,100.0
96484,91,2,27,7,mp4,video/mp4,100.0
106917,80,3,47,6,png,image/png,100.0
122788,94,2,99,3,mp4,video/mp4,100.0
42427,7,2,39,7,mp4,video/mp4,100.0
64948,24,1,65,6,tiff,image/tiff,86.34617575656135
59626,72,0,72,5,jpg,image/jpeg,92.3094551026406
75523,65,0,86,7,png,image/png,85.51401591059319
157206,78,2,78,4,mp4,video/mp4,98.2797044065598
205708,49,2,76,7,pdf,application/pdf,100.0
767198,66,4,22,1,png,image/png,100.0
59972,48,0,80,2,jpg,image/jpeg,89.89270738779629
435531,35,1,47,2,doc,application/msword,100.0
131401,67,1,1,6,txt,text/plain,100.0
154900,77,0,83,8,mp4,video/mp4,87.88156364101502
319598,40,3,19,6,pdf,application/pdf,100.0
52959,88,0,58,0,jpg,image/jpeg,100.0
238568,61,1,45,10,png,image/png,96.84764653147849
192230,9,0,2,2,txt,text/plain,100.0
266319,20,2,54,5,txt,text/plain,100.0
217329,35,2,11,8,mp4,video/mp4,100.0
1896081,11,1,39,5,jpg,image/jpeg,91.06065198419181
86013,90,0,65,4,jpg,image/jpeg,100.0
95702,1,1,99,3,pdf,application/pdf,68.14702706445624
87278,12,1,77,7,doc,application/msword,85.20448215081707
93388,52,2,15,7,doc,application/msword,100.0
86043,31,0,82,3,tiff,image/tiff,84.70828541967724
534462,94,3,33,3,doc,application/msword,100.0
673675,15,3,43,2,tiff,image/tiff,99.93417925414931
91973,31,2,5,2,txt,text/plain,100.0
70802,31,2,76,7,txt,text/plain,93.56698668652527
260775,97,0,63,4,png,image/png,95.04977915417818
93692,10,1,99,1,txt,text/plain,81.67535744737481
306487,9,1,21,3,txt,text/plain,96.55256630674666
199371,14,2,17,10,jpg,image/jpeg,100.0
35748,16,6,11,3,png,image/png,100.0
764903,39,3,51,6,jpg,image/jpeg,100.0
980558,17,1,93,4,pdf,application/pdf,81.54644011828006
88186,54,2,50,5,tiff,image/tiff,100.0
110447,72,1,70,3,tiff,image/tiff,100.0
216612,24,3,95,7,pdf,application/pdf,87.0248467638069
227397,58,0,47,5,tiff,image/tiff,95.42595609896993
314438,77,3,18,2,png,image/png,100.0
1214939,88,2,5,6,png,image/png,100.0
136359,21,1,83,3,txt,text/plain,79.28888308802063
73255,29,1,26,2,tiff,image/tiff,100.0
40973,83,1,52,7,pdf,application/pdf,100.0
78360,84,0,100,6,mp4,video/mp4,92.08938907897127
157451,43,0,47,3,doc,application/msword,95.10869937993641
979265,31,6,6,5,txt,text/plain,100.0
96992,50,2,58,7,doc,application/msword,100.0
203574,45,1,68,4,pdf,application/pdf,96.63069154356185
160103,20,0,10,4,tiff,image/tiff,100.0
534129,98,0,14,3,tiff,image/tiff,100.0
2036885,31,3,63,6,doc,application/msword,97.52919367372516
95715,93,0,2,4,mp4,video/mp4,100.0
99763,38,2,68,5,tiff,image/tiff,100.0
462388,11,1,22,7,mp4,video/mp4,93.58490084742368
321866,46,3,52,4,jpg,image/jpeg,100.0
1031688,17,2,36,3,png,image/png,99.09229852636821
291830,20,0,8,1,doc,application/msword,93.82897549326515
113630,12,1,14,5,tiff,image/tiff,100.0
293800,20,3,2,8,mp4,video/mp4,100.0
493216,7,3,92,5,tiff,image/tiff,89.83163957760553
369712,45,2,69,5,png,image/png,100.0
270296,6,1,16,3,png,image/png,100.0
472916,22,1,25,3,jpg,image/jpeg,100.0
524025,95,1,20,6,png,image/png,100.0
648332,74,4,71,5,png,image/png,100.0
311361,85,0,20,7,txt,text/plain,100.0
137706,21,0,10,6,pdf,application/pdf,97.96189731565612
188473,88,2,37,8,tiff,image/tiff,100.0
543893,21,1,71,8,jpg,image/jpeg,86.84748290511514
71902,91,2,87,8,jpg,image/jpeg,100.0
235313,28,2,34,9,doc,application/msword,100.0
109826,12,1,13,5,png,image/png,100.0
167501,81,4,13,3,doc,application/msword,100.0
584464,1,6,9,4,txt,text/plain,100.0
197027,28,4,11,5,mp4,video/mp4,100.0
170490,84,1,37,6,png,image/png,100.0
41778,78,2,33,7,mp4,video/mp4,100.0
343263,51,2,40,4,pdf,application/pdf,100.0
310358,26,0,9,6,txt,text/plain,98.35254129755776
1415869,49,0,16,13,png,image/png,100.0
119637,94,0,16,3,doc,application/msword,100.0
202632,78,1,66,7,doc,application/msword,100.0
208852,22,0,61,7,png,image/png,93.32729838834027
788157,87,4,94,2,tiff,image/tiff,100.0
147961,43,2,0,5,doc,application/msword,100.0
215135,76,1,11,2,tiff,image/tiff,100.0
298909,21,2,3,4,png,image/png,100.0
196144,42,0,41,3,jpg,image/jpeg,98.11259833545837
104147,36,0,12,3,doc,application/msword,100.0
197617,60,1,97,1,tiff,image/tiff,83.54841912496016
476218,96,0,84,7,png,image/png,88.48591106366719
58307,55,2,85,4,png,image/png,97.73039583314969
185901,2,1,3,9,tiff,image/tiff,100.0
80811,62,2,81,4,doc,application/msword,87.00049316270763
537694,18,0,68,6,jpg,image/jpeg,77.28533326544715
35483,22,1,18,3,doc,application/msword,100.0
93067,28,0,1,8,png,image/png,100.0
237331,29,1,11,6,jpg,image/jpeg,100.0
778811,38,2,80,5,mp4,video/mp4,100.0
152397,24,0,73,3,pdf,application/pdf,82.01187371649453
93414,100,0,97,11,doc,application/msword,92.84062744768053
1067849,7,3,5,7,txt,text/plain,100.0
38253,57,2,7,6,png,image/png,100.0
18055,15,2,50,6,jpg,image/jpeg,99.97099471585882
252714,71,3,10,6,tiff,image/tiff,100.0
98513,0,1,62,6,tiff,image/tiff,82.03004020181523
58616,4,1,56,5,tiff,image/tiff,91.69584316918436
330498,2,2,11,8,jpg,image/jpeg,100.0
207689,64,3,72,6,mp4,video/mp4,100.0
92588,3,1,1,8,doc,application/msword,100.0
45238,98,1,7,13,txt,text/plain,100.0
389436,95,2,10,4,tiff,image/tiff,100.0
311826,63,1,52,1,jpg,image/jpeg,100.0
147388,97,1,99,4,tiff,image/tiff,85.10613169352203
1031615,88,1,9,2,mp4,video/mp4,100.0
55821,9,0,84,7,png,image/png,75.27955396452383
35400,20,0,83,4,tiff,image/tiff,76.637705079658
81478,45,0,7,5,mp4,video/mp4,100.0
155502,90,0,35,8,doc,application/msword,100.0
207593,26,4,92,6,tiff,image/tiff,87.77523332553392
127869,65,1,75,5,mp4,video/mp4,87.80815375874708
231435,40,1,13,2,jpg,image/jpeg,100.0
46558,12,0,53,6,jpg,image/jpeg,78.61386046537967
689529,8,0,84,5,pdf,application/pdf,80.39410590590388
149918,35,2,85,6,mp4,video/mp4,92.42386743955578
497472,85,0,20,3,png,image/png,100.0
229285,89,1,49,6,tiff,image/tiff,100.0
256979,57,0,93,6,txt,text/plain,86.37379010090041
287726,53,1,38,4,txt,text/plain,98.51257013196779
254666,11,1,19,7,doc,application/msword,100.0
309502,80,3,87,4,pdf,application/pdf,99.40248602959367
614861,77,2,86,0,mp4,video/mp4,100.0
198098,13,1,6,9,png,image/png,100.0
330712,33,0,8,1,pdf,application/pdf,100.0
148785,52,1,0,6,jpg,image/jpeg,100.0
687018,19,2,25,4,doc,application/msword,100.0
82752,74,3,37,5,tiff,image/tiff,100.0
985535,15,1,37,6,tiff,image/tiff,96.01012093437552
156348,94,0,60,8,tiff,image/tiff,99.68280306431504
38918,69,3,43,4,mp4,video/mp4,100.0
184998,55,1,85,5,txt,text/plain,88.59088725287529
82367,82,5,43,10,png,image/png,100.0
377242,100,1,73,5,tiff,image/tiff,94.87922669087709
84742,57,1,61,7,tiff,image/tiff,94.9464166972962
104173,3,5,5,6,jpg,image/jpeg,100.0
24598,3,0,16,4,pdf,application/pdf,97.1703299552784
103537,19,2,50,3,tiff,image/tiff,92.66698397876372
14416,9,1,37,5,doc,application/msword,93.91994323309807
33392,23,1,23,4,pdf,application/pdf,100.0
348159,98,0,50,4,txt,text/plain,100.0
357110,25,0,9,5,pdf,application/pdf,95.46116903435546
249062,36,2,71,2,png,image/png,100.0
61884,84,2,20,7,jpg,image/jpeg,100.0
155171,53,1,69,3,mp4,video/mp4,89.23210550000493
162169,20,3,84,5,png,image/png,94.90631762910097
51104,73,1,56,6,txt,text/plain,100.0
731899,37,0,38,8,doc,application/msword,88.69260947542817
391351,45,1,87,5,txt,text/plain,88.61684430401583
130487,3,1,32,3,txt,text/plain,100.0
167189,59,2,58,3,pdf,application/pdf,100.0
200462,56,3,17,5,doc,application/msword,100.0
21126,44,4,55,7,png,image/png,100.0
127111,19,2,91,5,txt,text/plain,89.76450022624077
82290,16,0,56,5,png,image/png,83.71793961586044
59777,70,1,95,10,tiff,image/tiff,88.10469199330387
122872,3,2,75,2,tiff,image/tiff,99.48928150128822
982333,92,0,47,6,tiff,image/tiff,100.0
308921,13,0,41,7,mp4,video/mp4,85.04059516832874
91933,2,4,26,4,pdf,application/pdf,100.0
288538,87,2,73,11,png,image/png,100.0
